,Solution,Mass,Volume,N1,N2,N3,N,rho,mu,Result,sigma
0,Background,0.0,100,154,135,135,144.5,0.0,,,
1,Source,0.0,100,3200,3222,3173,3066.5,0.0,,,
2,Salt_Solution,118.2096,100,2123,2062,2030,1948.0,1.182096,0.1680494966161326,,
3,Sugar_Solution,108.7488,80,2096,2155,2287,1981.0,1.3593600000000001,0.16182780680277314,,
4,Water,98.7284,100,2395,2412,2363,2259.0,0.9872839999999999,0.11319059577705004,,
5,Ethanol,56.5878,73,2563,2585,2634,2429.5,0.7751753424657535,0.08624124860002991,,
6,CocaCola_Solution,104.3418,102,2356,2415,2354,2241.0,1.0229588235294118,0.11615357454263385,0.9793138563949451,4.266541930190593
